Strategy,RegimeFilter,Score,Trades,WinRate,ProfitFactor,Expectancy,GrossPnL,TotalCosts,NetPnL,NetProfitFactor,NetExpectancy,GrossCurrency,NetCurrency,MaxDrawdown,ReturnToDrawdown,VolMinAtr,VolMinVolume,UseSqueeze,SqueezeRatio,VolRangeMultiplier,VolExpansionMode,VwapMinDistance,RsiLongMax,RsiShortMin,VolTrailingMode,AtrChandelier,MaxBarsWithoutProfit,MinProfitAtrRatio,RangeCompression,RangeTargetRatio,MomentumMacdAtr,MomentumVolume,EmaVolume,AtrStop,TrailingBars,EmaTrailingOffset,TrendAtrStop,TrendTimeExitBars,BeActivationR,ChandelierActivationR,ChandelierTrailMultiplier,OrbAtrStop,OrbRangeStart,OrbRangeEnd,OrbMinWindowBars,OrbMinRangeAtrRatio,OrbBreakoutBuffer,OrbRequireVolume,OrbVolumeRatio,VwapReversionBand,RsiOversold,RsiOverbought,VwapReversionVolumeRatio,BbStdDev,BbFadeRsiOversold,BbFadeRsiOverbought,BbFadeTargetRatio,SessionBreakoutAtrBuffer,SessionMinRangeAtrRatio,SrsRefCandle,SrsBuffer,SrsStop,SrsTarget,SrsAntiMode,IbTargetMultiplier,IbUseHalfRangeStop,IbMinRangeRatio,IbMaxRangeRatio,IbRequireVolume
TradingBrain.VwapReversion,Range|HighVolatility,796.22976297,20,85,6.49529412,58.3875,1167.75,54.8,1140.35,6.26453072,57.0175,2335.5,2280.7,166.25,6.85924812,1.2,1.5,False,0.95,1.5,Atr,0.001,70,30,VwapEmaChandelier,3,5,1,1.05,1,0.1,1.2,1.1,2.5,3,0,3,60,1,0.75,2,2,93000,100000,2,0.3,0.05,False,1.1,0.004,30,70,1,2,35,65,1,0.1,0.5,2,0.1,1.5,2,False,1,False,0,10,False
TradingBrain.VwapReversion,Range|HighVolatility,600.57810645,20,85,5.48210736,56.3625,1127.25,54.8,1099.85,5.30284418,54.9925,2254.5,2199.7,197.25,5.57591888,1.2,1.5,False,0.95,1.5,Atr,0.001,70,30,VwapEmaChandelier,3,5,1,1.05,1,0.1,1.2,1.1,3,3,0,3,60,1,0.75,2,2,93000,100000,2,0.3,0.05,False,1.1,0.004,30,70,1,2,35,65,1,0.1,0.5,2,0.1,1.5,2,False,1,False,0,10,False
TradingBrain.VwapReversion,Range|HighVolatility,592.51812123,21,80.95238095,5.232493,53.96428571,1133.25,57.54,1104.48,5.04230868,52.59428571,2266.5,2208.96,166.25,6.64348872,1.2,1.5,False,0.95,1.5,Atr,0.001,70,30,VwapEmaChandelier,3,5,1,1.05,1,0.1,1.2,1.1,2,3,0,3,60,1,0.75,2,2,93000,100000,2,0.3,0.05,False,1.1,0.004,30,70,1,2,35,65,1,0.1,0.5,2,0.1,1.5,2,False,1,False,0,10,False
TradingBrain.VwapReversion,Range|HighVolatility,518.35073131,24,62.5,4.44544096,48.02083333,1152.5,65.76,1119.62,4.22815212,46.65083333,2305,2239.24,127.25,8.79858546,1.2,1.5,False,0.95,1.5,Atr,0.001,70,30,VwapEmaChandelier,3,5,1,1.05,1,0.1,1.2,1.1,1,3,0,3,60,1,0.75,2,2,93000,100000,2,0.3,0.05,False,1.1,0.004,30,70,1,2,35,65,1,0.1,0.5,2,0.1,1.5,2,False,1,False,0,10,False
TradingBrain.VwapReversion,Range|HighVolatility,416.86478088,29,62.06896552,3.75140292,42.26724138,1225.75,79.46,1186.02,3.5716516,40.89724138,2451.5,2372.04,127.25,9.32039293,1.2,1.5,False,0.95,1.5,Atr,0.001,70,30,VwapEmaChandelier,3,5,1,1.05,1,0.1,1.2,1.1,1,3,0,3,60,1,0.75,2,2,93000,100000,2,0.3,0.05,False,1.1,0.003,30,70,1,2,35,65,1,0.1,0.5,2,0.1,1.5,2,False,1,False,0,10,False
TradingBrain.VwapReversion,Range|HighVolatility,413.54504269,25,80,3.92364991,47.1,1177.5,68.5,1143.25,3.78691921,45.73,2355,2286.5,166.25,6.87669173,1.2,1.5,False,0.95,1.5,Atr,0.001,70,30,VwapEmaChandelier,3,5,1,1.05,1,0.1,1.2,1.1,2.5,3,0,3,60,1,0.75,2,2,93000,100000,2,0.3,0.05,False,1.1,0.003,30,70,1,2,35,65,1,0.1,0.5,2,0.1,1.5,2,False,1,False,0,10,False
TradingBrain.VwapReversion,Range|HighVolatility,396.59009558,25,80,3.90391909,45.94,1148.5,68.5,1114.25,3.76509418,44.57,2297,2228.5,166.25,6.70225564,1.2,1.5,False,0.95,1.5,Atr,0.001,70,30,VwapEmaChandelier,3,5,1,1.05,1,0.1,1.2,1.1,2,3,0,3,60,1,0.75,2,2,93000,100000,2,0.3,0.05,False,1.1,0.003,30,70,1,2,35,65,1,0.1,0.5,2,0.1,1.5,2,False,1,False,0,10,False
TradingBrain.VwapReversion,Range|HighVolatility,387.50516226,24,79.16666667,4.07808219,46.8125,1123.5,65.76,1090.62,3.92807474,45.4425,2247,2181.24,197.25,5.52912548,1.2,1.5,False,0.95,1.5,Atr,0.001,70,30,VwapEmaChandelier,3,5,1,1.05,1,0.1,1.2,1.1,3,3,0,3,60,1,0.75,2,2,93000,100000,2,0.3,0.05,False,1.1,0.003,30,70,1,2,35,65,1,0.1,0.5,2,0.1,1.5,2,False,1,False,0,10,False
TradingBrain.VwapReversion,Range|HighVolatility,370.55787359,21,71.42857143,4.20946538,43.5952381,915.5,57.54,886.73,4.02153542,42.2252381,1831,1773.46,141.75,6.25559083,1.2,1.5,False,0.95,1.5,Atr,0.001,70,30,VwapEmaChandelier,3,5,1,1.05,1,0.1,1.2,1.1,1.5,3,0,3,60,1,0.75,2,2,93000,100000,2,0.3,0.05,False,1.1,0.004,30,70,1,2,35,65,1,0.1,0.5,2,0.1,1.5,2,False,1,False,0,10,False
TradingBrain.VwapReversion,Range|HighVolatility,365.84846719,22,77.27272727,4.08106061,46.21590909,1016.75,60.28,986.61,3.92354876,44.84590909,2033.5,1973.22,187.25,5.26894526,1.2,1.5,False,0.95,1.5,Atr,0.001,70,30,VwapEmaChandelier,3,5,1,1.05,1,0.1,1.2,1.1,4,3,0,3,60,1,0.75,2,2,93000,100000,2,0.3,0.05,False,1.1,0.003,30,70,1,2,35,65,1,0.1,0.5,2,0.1,1.5,2,False,1,False,0,10,False
TradingBrain.VwapReversion,Range|HighVolatility,359.0469546,23,60.86956522,4.18261505,47.35869565,1089.25,63.02,1057.74,3.98307857,45.98869565,2178.5,2115.48,251.75,4.20154916,1.2,1.5,False,0.95,1.5,Atr,0.001,70,30,VwapEmaChandelier,3,5,1,1.05,1,0.1,1.2,1.1,1,3,0,3,60,1,0.75,2,2,93000,100000,2,0.3,0.05,False,1.1,0.005,40,60,1,2,35,65,1,0.1,0.5,2,0.1,1.5,2,False,1,False,0,10,False
TradingBrain.VwapReversion,Range|HighVolatility,342.8266226,25,72,3.87161198,40.26,1006.5,68.5,972.25,3.69537856,38.89,2013,1944.5,141.75,6.85890653,1.2,1.5,False,0.95,1.5,Atr,0.001,70,30,VwapEmaChandelier,3,5,1,1.05,1,0.1,1.2,1.1,1.5,3,0,3,60,1,0.75,2,2,93000,100000,2,0.3,0.05,False,1.1,0.003,30,70,1,2,35,65,1,0.1,0.5,2,0.1,1.5,2,False,1,False,0,10,False
TradingBrain.VwapReversion,Range|HighVolatility,304.46805789,29,75.86206897,3.38333333,39.44827586,1144,79.46,1104.27,3.25264682,38.07827586,2288,2208.54,166.25,6.64222556,1.2,1.5,False,0.95,1.5,Atr,0.001,70,30,VwapEmaChandelier,3,5,1,1.05,1,0.1,1.2,1.1,2,3,0,3,60,1,0.75,2,2,93000,100000,2,0.3,0.05,False,1.1,0.002,30,70,1,2,35,65,1,0.1,0.5,2,0.1,1.5,2,False,1,False,0,10,False
TradingBrain.VwapReversion,Range|HighVolatility,286.89644741,28,78.57142857,3.24606799,39.52678571,1106.75,76.72,1068.39,3.13000658,38.15678571,2213.5,2136.78,166.25,6.42640602,1.2,1.5,False,0.95,1.5,Atr,0.001,70,30,VwapEmaChandelier,3,5,1,1.05,1,0.1,1.2,1.1,2.5,3,0,3,60,1,0.75,2,2,93000,100000,2,0.3,0.05,False,1.1,0.002,30,70,1,2,35,65,1,0.1,0.5,2,0.1,1.5,2,False,1,False,0,10,False
TradingBrain.VwapReversion,Range|HighVolatility,263.09996836,27,77.77777778,3.31373626,38.99074074,1052.75,73.98,1015.76,3.18989307,37.62074074,2105.5,2031.52,197.25,5.1496071,1.2,1.5,False,0.95,1.5,Atr,0.001,70,30,VwapEmaChandelier,3,5,1,1.05,1,0.1,1.2,1.1,3,3,0,3,60,1,0.75,2,2,93000,100000,2,0.3,0.05,False,1.1,0.002,30,70,1,2,35,65,1,0.1,0.5,2,0.1,1.5,2,False,1,False,0,10,False
TradingBrain.VwapReversion,Range|HighVolatility,236.85157948,25,80,3.22025913,37.7,942.5,68.5,908.25,3.10257657,36.33,1885,1816.5,187.25,4.85046729,1.2,1.5,False,0.95,1.5,Atr,0.001,70,30,VwapEmaChandelier,3,5,1,1.05,1,0.1,1.2,1.1,4,3,0,3,60,1,0.75,2,2,93000,100000,2,0.3,0.05,False,1.1,0.002,30,70,1,2,35,65,1,0.1,0.5,2,0.1,1.5,2,False,1,False,0,10,False
TradingBrain.VwapReversion,Range|HighVolatility,217.97293091,32,71.875,3.46140845,34.1328125,1092.25,87.68,1048.41,3.29562076,32.7628125,2184.5,2096.82,318.25,3.29429694,1.2,1.5,False,0.95,1.5,Atr,0.001,70,30,VwapEmaChandelier,3,5,1,1.05,1,0.1,1.2,1.1,4,3,0,3,60,1,0.75,2,2,93000,100000,2,0.3,0.05,False,1.1,0.003,40,60,1,2,35,65,1,0.1,0.5,2,0.1,1.5,2,False,1,False,0,10,False
TradingBrain.VwapReversion,Range|HighVolatility,213.8548339,34,58.82352941,2.70231101,31.95588235,1086.5,93.16,1039.92,2.58030545,30.58588235,2173,2079.84,137.75,7.54932849,1.2,1.5,False,0.95,1.5,Atr,0.001,70,30,VwapEmaChandelier,3,5,1,1.05,1,0.1,1.2,1.1,1,3,0,3,60,1,0.75,2,2,93000,100000,2,0.3,0.05,False,1.1,0.002,30,70,1,2,35,65,1,0.1,0.5,2,0.1,1.5,2,False,1,False,0,10,False
TradingBrain.VwapReversion,Range|HighVolatility,190.00724489,33,72.72727273,3.16361789,32.25757576,1064.5,90.42,1019.29,3.0185959,30.88757576,2129,2038.58,308.25,3.30669911,1.2,1.5,False,0.95,1.5,Atr,0.001,70,30,VwapEmaChandelier,3,5,1,1.05,1,0.1,1.2,1.1,3,3,0,3,60,1,0.75,2,2,93000,100000,2,0.3,0.05,False,1.1,0.003,40,60,1,2,35,65,1,0.1,0.5,2,0.1,1.5,2,False,1,False,0,10,False
TradingBrain.VwapReversion,Range|HighVolatility,166.36179311,26,73.07692308,2.88586957,33.36538462,867.5,71.24,831.88,2.7715028,31.99538462,1735,1663.76,267.75,3.1069281,1.2,1.5,False,0.95,1.5,Atr,0.001,70,30,VwapEmaChandelier,3,5,1,1.05,1,0.1,1.2,1.1,2,3,0,3,60,1,0.75,2,2,93000,100000,2,0.3,0.05,False,1.1,0.004,40,60,1,2,35,65,1,0.1,0.5,2,0.1,1.5,2,False,1,False,0,10,False
TradingBrain.VwapReversion,Range|HighVolatility,163.0042893,30,66.66666667,2.61082832,29.00833333,870.25,82.2,829.15,2.49512235,27.63833333,1740.5,1658.3,141.75,5.84938272,1.2,1.5,False,0.95,1.5,Atr,0.001,70,30,VwapEmaChandelier,3,5,1,1.05,1,0.1,1.2,1.1,1.5,3,0,3,60,1,0.75,2,2,93000,100000,2,0.3,0.05,False,1.1,0.002,30,70,1,2,35,65,1,0.1,0.5,2,0.1,1.5,2,False,1,False,0,10,False
TradingBrain.VwapReversion,Range|HighVolatility,163.00044289,24,79.16666667,2.97127469,34.3125,823.5,65.76,790.62,2.86203486,32.9425,1647,1581.24,334,2.36712575,1.2,1.5,False,0.95,1.5,Atr,0.001,70,30,VwapEmaChandelier,3,5,1,1.05,1,0.1,1.2,1.1,3,3,0,3,60,1,0.75,2,2,93000,100000,2,0.3,0.05,False,1.1,0.004,40,60,1,2,35,65,1,0.1,0.5,2,0.1,1.5,2,False,1,False,0,10,False
TradingBrain.VwapReversion,Range|HighVolatility,159.63567807,25,76,2.80389064,34.31,857.75,68.5,823.5,2.70243116,32.94,1715.5,1647,308,2.6737013,1.2,1.5,False,0.95,1.5,Atr,0.001,70,30,VwapEmaChandelier,3,5,1,1.05,1,0.1,1.2,1.1,2.5,3,0,3,60,1,0.75,2,2,93000,100000,2,0.3,0.05,False,1.1,0.004,40,60,1,2,35,65,1,0.1,0.5,2,0.1,1.5,2,False,1,False,0,10,False
TradingBrain.VwapReversion,Range|HighVolatility,157.66359715,35,71.42857143,2.66475096,31.03571429,1086.25,95.9,1038.3,2.55709187,29.66571429,2172.5,2076.6,309.5,3.35476575,1.2,1.5,False,0.95,1.5,Atr,0.001,70,30,VwapEmaChandelier,3,5,1,1.05,1,0.1,1.2,1.1,2.5,3,0,3,60,1,0.75,2,2,93000,100000,2,0.3,0.05,False,1.1,0.003,40,60,1,2,35,65,1,0.1,0.5,2,0.1,1.5,2,False,1,False,0,10,False
TradingBrain.VwapReversion,Range|HighVolatility,146.58845312,23,78.26086957,2.73083197,34.59782609,795.75,63.02,764.24,2.63789113,33.22782609,1591.5,1528.48,361,2.11700831,1.2,1.5,False,0.95,1.5,Atr,0.001,70,30,VwapEmaChandelier,3,5,1,1.05,1,0.1,1.2,1.1,4,3,0,3,60,1,0.75,2,2,93000,100000,2,0.3,0.05,False,1.1,0.004,40,60,1,2,35,65,1,0.1,0.5,2,0.1,1.5,2,False,1,False,0,10,False
TradingBrain.VwapReversion,Range|HighVolatility,130.38273603,36,72.22222222,2.513573,28.65277778,1031.5,98.64,982.18,2.41154322,27.28277778,2063,1964.36,372.5,2.63672483,1.2,1.5,False,0.95,1.5,Atr,0.001,70,30,VwapEmaChandelier,3,5,1,1.05,1,0.1,1.2,1.1,2,3,0,3,60,1,0.75,2,2,93000,100000,2,0.3,0.05,False,1.1,0.003,40,60,1,2,35,65,1,0.1,0.5,2,0.1,1.5,2,False,1,False,0,10,False
TradingBrain.VwapReversion,Range|HighVolatility,121.83904014,43,58.13953488,2.329357,26.56395349,1142.25,117.82,1083.34,2.22476343,25.19395349,2284.5,2166.68,335.75,3.22662695,1.2,1.5,False,0.95,1.5,Atr,0.001,70,30,VwapEmaChandelier,3,5,1,1.05,1,0.1,1.2,1.1,1,3,0,3,60,1,0.75,2,2,93000,100000,2,0.3,0.05,False,1.1,0.003,40,60,1,2,35,65,1,0.1,0.5,2,0.1,1.5,2,False,1,False,0,10,False
TradingBrain.VwapReversion,Range|HighVolatility,79.57947494,43,62.79069767,2.12197393,21.01744186,903.75,117.82,844.84,2.02105339,19.64744186,1807.5,1689.68,385,2.19438961,1.2,1.5,False,0.95,1.5,Atr,0.001,70,30,VwapEmaChandelier,3,5,1,1.05,1,0.1,1.2,1.1,3,3,0,3,60,1,0.75,2,2,93000,100000,2,0.3,0.05,False,1.1,0.002,40,60,1,2,35,65,1,0.1,0.5,2,0.1,1.5,2,False,1,False,0,10,False
TradingBrain.VwapReversion,Range|HighVolatility,79.27277152,32,56.25,2.06360679,22.9921875,735.75,87.68,691.91,1.97324631,21.6221875,1471.5,1383.82,309.5,2.23557351,1.2,1.5,False,0.95,1.5,Atr,0.001,70,30,VwapEmaChandelier,3,5,1,1.05,1,0.1,1.2,1.1,1,3,0,3,60,1,0.75,2,2,93000,100000,2,0.3,0.05,False,1.1,0.004,40,60,1,2,35,65,1,0.1,0.5,2,0.1,1.5,2,False,1,False,0,10,False
TradingBrain.VwapReversion,Range|HighVolatility,79.00205738,42,64.28571429,2.13948983,21.00595238,882.25,115.08,824.71,2.03763211,19.63595238,1764.5,1649.42,395,2.08787342,1.2,1.5,False,0.95,1.5,Atr,0.001,70,30,VwapEmaChandelier,3,5,1,1.05,1,0.1,1.2,1.1,4,3,0,3,60,1,0.75,2,2,93000,100000,2,0.3,0.05,False,1.1,0.002,40,60,1,2,35,65,1,0.1,0.5,2,0.1,1.5,2,False,1,False,0,10,False
TradingBrain.VwapReversion,Range|HighVolatility,73.10604788,39,61.53846154,1.95614525,21.94230769,855.75,106.86,802.32,1.87573267,20.57230769,1711.5,1604.64,439.5,1.82552901,1.2,1.5,False,0.95,1.5,Atr,0.001,70,30,VwapEmaChandelier,3,5,1,1.05,1,0.1,1.2,1.1,1.5,3,0,3,60,1,0.75,2,2,93000,100000,2,0.3,0.05,False,1.1,0.003,40,60,1,2,35,65,1,0.1,0.5,2,0.1,1.5,2,False,1,False,0,10,False
TradingBrain.VwapReversion,Range|HighVolatility,63.14472082,53,60.37735849,1.72800439,18.77358491,995,145.22,922.39,1.66096509,17.40358491,1990,1844.78,353.5,2.60930693,1.2,1.5,False,0.95,1.5,Atr,0.001,70,30,VwapEmaChandelier,3,5,1,1.05,1,0.1,1.2,1.1,2,3,0,3,60,1,0.75,2,2,93000,100000,2,0.3,0.05,False,1.1,0.002,40,60,1,2,35,65,1,0.1,0.5,2,0.1,1.5,2,False,1,False,0,10,False
TradingBrain.VwapReversion,Range|HighVolatility,56.57538288,65,50.76923077,1.74192976,16.08846154,1045.75,178.1,956.7,1.6582768,14.71846154,2091.5,1913.4,349.25,2.7392985,1.2,1.5,False,0.95,1.5,Atr,0.001,70,30,VwapEmaChandelier,3,5,1,1.05,1,0.1,1.2,1.1,1,3,0,3,60,1,0.75,2,2,93000,100000,2,0.3,0.05,False,1.1,0.002,40,60,1,2,35,65,1,0.1,0.5,2,0.1,1.5,2,False,1,False,0,10,False
TradingBrain.VwapReversion,Range|HighVolatility,55.47460249,27,62.96296296,1.85921569,20.28703704,547.75,73.98,510.76,1.78433661,18.91703704,1095.5,1021.52,376.5,1.35660027,1.2,1.5,False,0.95,1.5,Atr,0.001,70,30,VwapEmaChandelier,3,5,1,1.05,1,0.1,1.2,1.1,1.5,3,0,3,60,1,0.75,2,2,93000,100000,2,0.3,0.05,False,1.1,0.004,40,60,1,2,35,65,1,0.1,0.5,2,0.1,1.5,2,False,1,False,0,10,False
TradingBrain.VwapReversion,Range|HighVolatility,33.72616817,48,60.41666667,1.48436633,13.63541667,654.5,131.52,588.74,1.42746573,12.26541667,1309,1177.48,421.5,1.39677343,1.2,1.5,False,0.95,1.5,Atr,0.001,70,30,VwapEmaChandelier,3,5,1,1.05,1,0.1,1.2,1.1,2.5,3,0,3,60,1,0.75,2,2,93000,100000,2,0.3,0.05,False,1.1,0.002,40,60,1,2,35,65,1,0.1,0.5,2,0.1,1.5,2,False,1,False,0,10,False
TradingBrain.VwapReversion,Range|HighVolatility,33.58716555,56,57.14285714,1.50898308,13.02678571,729.5,153.44,652.78,1.44524019,11.65678571,1459,1305.56,482,1.35431535,1.2,1.5,False,0.95,1.5,Atr,0.001,70,30,VwapEmaChandelier,3,5,1,1.05,1,0.1,1.2,1.1,1.5,3,0,3,60,1,0.75,2,2,93000,100000,2,0.3,0.05,False,1.1,0.002,40,60,1,2,35,65,1,0.1,0.5,2,0.1,1.5,2,False,1,False,0,10,False
TradingBrain.VwapReversion,Range|HighVolatility,-Infinity,4,100,Infinity,122.5625,490.25,10.96,484.77,Infinity,121.1925,980.5,969.54,124.5,3.89373494,1.2,1.5,False,0.95,1.5,Atr,0.001,70,30,VwapEmaChandelier,3,5,1,1.05,1,0.1,1.2,1.1,4,3,0,3,60,1,0.75,2,2,93000,100000,2,0.3,0.05,False,1.1,0.007,30,70,1,2,35,65,1,0.1,0.5,2,0.1,1.5,2,False,1,False,0,10,False
TradingBrain.VwapReversion,Range|HighVolatility,-Infinity,4,100,Infinity,122.5625,490.25,10.96,484.77,Infinity,121.1925,980.5,969.54,124.5,3.89373494,1.2,1.5,False,0.95,1.5,Atr,0.001,70,30,VwapEmaChandelier,3,5,1,1.05,1,0.1,1.2,1.1,3,3,0,3,60,1,0.75,2,2,93000,100000,2,0.3,0.05,False,1.1,0.007,30,70,1,2,35,65,1,0.1,0.5,2,0.1,1.5,2,False,1,False,0,10,False
TradingBrain.VwapReversion,Range|HighVolatility,-Infinity,1,100,Infinity,106.25,106.25,2.74,104.88,Infinity,104.88,212.5,209.76,124.5,0.84240964,1.2,1.5,False,0.95,1.5,Atr,0.001,70,30,VwapEmaChandelier,3,5,1,1.05,1,0.1,1.2,1.1,4,3,0,3,60,1,0.75,2,2,93000,100000,2,0.3,0.05,False,1.1,0.007,25,75,1,2,35,65,1,0.1,0.5,2,0.1,1.5,2,False,1,False,0,10,False
TradingBrain.VwapReversion,Range|HighVolatility,-Infinity,1,100,Infinity,106.25,106.25,2.74,104.88,Infinity,104.88,212.5,209.76,124.5,0.84240964,1.2,1.5,False,0.95,1.5,Atr,0.001,70,30,VwapEmaChandelier,3,5,1,1.05,1,0.1,1.2,1.1,3,3,0,3,60,1,0.75,2,2,93000,100000,2,0.3,0.05,False,1.1,0.007,25,75,1,2,35,65,1,0.1,0.5,2,0.1,1.5,2,False,1,False,0,10,False
TradingBrain.VwapReversion,Range|HighVolatility,-Infinity,7,100,Infinity,101.10714286,707.75,19.18,698.16,Infinity,99.73714286,1415.5,1396.32,150.25,4.64665557,1.2,1.5,False,0.95,1.5,Atr,0.001,70,30,VwapEmaChandelier,3,5,1,1.05,1,0.1,1.2,1.1,4,3,0,3,60,1,0.75,2,2,93000,100000,2,0.3,0.05,False,1.1,0.005,25,75,1,2,35,65,1,0.1,0.5,2,0.1,1.5,2,False,1,False,0,10,False
TradingBrain.VwapReversion,Range|HighVolatility,-Infinity,7,100,Infinity,101.10714286,707.75,19.18,698.16,Infinity,99.73714286,1415.5,1396.32,150.25,4.64665557,1.2,1.5,False,0.95,1.5,Atr,0.001,70,30,VwapEmaChandelier,3,5,1,1.05,1,0.1,1.2,1.1,3,3,0,3,60,1,0.75,2,2,93000,100000,2,0.3,0.05,False,1.1,0.005,25,75,1,2,35,65,1,0.1,0.5,2,0.1,1.5,2,False,1,False,0,10,False
TradingBrain.VwapReversion,Range|HighVolatility,-Infinity,9,100,Infinity,83.30555556,749.75,24.66,737.42,Infinity,81.93555556,1499.5,1474.84,158,4.66721519,1.2,1.5,False,0.95,1.5,Atr,0.001,70,30,VwapEmaChandelier,3,5,1,1.05,1,0.1,1.2,1.1,4,3,0,3,60,1,0.75,2,2,93000,100000,2,0.3,0.05,False,1.1,0.004,25,75,1,2,35,65,1,0.1,0.5,2,0.1,1.5,2,False,1,False,0,10,False
TradingBrain.VwapReversion,Range|HighVolatility,-Infinity,9,100,Infinity,83.30555556,749.75,24.66,737.42,Infinity,81.93555556,1499.5,1474.84,158,4.66721519,1.2,1.5,False,0.95,1.5,Atr,0.001,70,30,VwapEmaChandelier,3,5,1,1.05,1,0.1,1.2,1.1,3,3,0,3,60,1,0.75,2,2,93000,100000,2,0.3,0.05,False,1.1,0.004,25,75,1,2,35,65,1,0.1,0.5,2,0.1,1.5,2,False,1,False,0,10,False
TradingBrain.VwapReversion,Range|HighVolatility,-Infinity,11,81.81818182,23.7704918,63.13636364,694.5,30.14,679.43,21.44013237,61.76636364,1389,1358.86,158,4.30018987,1.2,1.5,False,0.95,1.5,Atr,0.001,70,30,VwapEmaChandelier,3,5,1,1.05,1,0.1,1.2,1.1,3,3,0,3,60,1,0.75,2,2,93000,100000,2,0.3,0.05,False,1.1,0.003,25,75,1,2,35,65,1,0.1,0.5,2,0.1,1.5,2,False,1,False,0,10,False
TradingBrain.VwapReversion,Range|HighVolatility,-Infinity,11,81.81818182,23.7704918,63.13636364,694.5,30.14,679.43,21.44013237,61.76636364,1389,1358.86,158,4.30018987,1.2,1.5,False,0.95,1.5,Atr,0.001,70,30,VwapEmaChandelier,3,5,1,1.05,1,0.1,1.2,1.1,4,3,0,3,60,1,0.75,2,2,93000,100000,2,0.3,0.05,False,1.1,0.003,25,75,1,2,35,65,1,0.1,0.5,2,0.1,1.5,2,False,1,False,0,10,False
TradingBrain.VwapReversion,Range|HighVolatility,-Infinity,8,87.5,14.65277778,92.15625,737.25,21.92,726.29,14.11703088,90.78625,1474.5,1452.58,120.75,6.01482402,1.2,1.5,False,0.95,1.5,Atr,0.001,70,30,VwapEmaChandelier,3,5,1,1.05,1,0.1,1.2,1.1,1,3,0,3,60,1,0.75,2,2,93000,100000,2,0.3,0.05,False,1.1,0.005,25,75,1,2,35,65,1,0.1,0.5,2,0.1,1.5,2,False,1,False,0,10,False
TradingBrain.VwapReversion,Range|HighVolatility,-Infinity,15,86.66666667,13.0878553,77.96666667,1169.5,41.1,1148.95,12.54839682,76.59666667,2339,2297.9,124.5,9.22851406,1.2,1.5,False,0.95,1.5,Atr,0.001,70,30,VwapEmaChandelier,3,5,1,1.05,1,0.1,1.2,1.1,3,3,0,3,60,1,0.75,2,2,93000,100000,2,0.3,0.05,False,1.1,0.005,30,70,1,2,35,65,1,0.1,0.5,2,0.1,1.5,2,False,1,False,0,10,False
TradingBrain.VwapReversion,Range|HighVolatility,-Infinity,5,80,12.10493827,89.95,449.75,13.7,442.9,11.57797946,88.58,899.5,885.8,165,2.68424242,1.2,1.5,False,0.95,1.5,Atr,0.001,70,30,VwapEmaChandelier,3,5,1,1.05,1,0.1,1.2,1.1,4,3,0,3,60,1,0.75,2,2,93000,100000,2,0.3,0.05,False,1.1,0.007,40,60,1,2,35,65,1,0.1,0.5,2,0.1,1.5,2,False,1,False,0,10,False
TradingBrain.VwapReversion,Range|HighVolatility,-Infinity,5,80,12.10493827,89.95,449.75,13.7,442.9,11.57797946,88.58,899.5,885.8,165,2.68424242,1.2,1.5,False,0.95,1.5,Atr,0.001,70,30,VwapEmaChandelier,3,5,1,1.05,1,0.1,1.2,1.1,3,3,0,3,60,1,0.75,2,2,93000,100000,2,0.3,0.05,False,1.1,0.007,40,60,1,2,35,65,1,0.1,0.5,2,0.1,1.5,2,False,1,False,0,10,False
TradingBrain.VwapReversion,Range|HighVolatility,-Infinity,14,85.71428571,10.85882353,74.82142857,1047.5,38.36,1028.32,10.43499404,73.45142857,2095,2056.64,124.5,8.25959839,1.2,1.5,False,0.95,1.5,Atr,0.001,70,30,VwapEmaChandelier,3,5,1,1.05,1,0.1,1.2,1.1,4,3,0,3,60,1,0.75,2,2,93000,100000,2,0.3,0.05,False,1.1,0.005,30,70,1,2,35,65,1,0.1,0.5,2,0.1,1.5,2,False,1,False,0,10,False
TradingBrain.VwapReversion,Range|HighVolatility,-Infinity,17,70.58823529,10.06954887,70.95588235,1206.25,46.58,1182.96,9.45877726,69.58588235,2412.5,2365.92,95,12.45221053,1.2,1.5,False,0.95,1.5,Atr,0.001,70,30,VwapEmaChandelier,3,5,1,1.05,1,0.1,1.2,1.1,1,3,0,3,60,1,0.75,2,2,93000,100000,2,0.3,0.05,False,1.1,0.005,30,70,1,2,35,65,1,0.1,0.5,2,0.1,1.5,2,False,1,False,0,10,False
TradingBrain.VwapReversion,Range|HighVolatility,-Infinity,8,87.5,9.45808383,88.28125,706.25,21.92,695.29,9.19241192,86.91125,1412.5,1390.58,151.75,4.58181219,1.2,1.5,False,0.95,1.5,Atr,0.001,70,30,VwapEmaChandelier,3,5,1,1.05,1,0.1,1.2,1.1,1.5,3,0,3,60,1,0.75,2,2,93000,100000,2,0.3,0.05,False,1.1,0.005,25,75,1,2,35,65,1,0.1,0.5,2,0.1,1.5,2,False,1,False,0,10,False
TradingBrain.VwapReversion,Range|HighVolatility,-Infinity,8,87.5,8.11576355,90.28125,722.25,21.92,711.29,7.91445514,88.91125,1444.5,1422.58,135.75,5.23970534,1.2,1.5,False,0.95,1.5,Atr,0.001,70,30,VwapEmaChandelier,3,5,1,1.05,1,0.1,1.2,1.1,2,3,0,3,60,1,0.75,2,2,93000,100000,2,0.3,0.05,False,1.1,0.005,25,75,1,2,35,65,1,0.1,0.5,2,0.1,1.5,2,False,1,False,0,10,False
TradingBrain.VwapReversion,Range|HighVolatility,-Infinity,16,75,7.9118541,71.0625,1137,43.84,1115.08,7.56006589,69.6925,2274,2230.16,126,8.84984127,1.2,1.5,False,0.95,1.5,Atr,0.001,70,30,VwapEmaChandelier,3,5,1,1.05,1,0.1,1.2,1.1,1.5,3,0,3,60,1,0.75,2,2,93000,100000,2,0.3,0.05,False,1.1,0.005,30,70,1,2,35,65,1,0.1,0.5,2,0.1,1.5,2,False,1,False,0,10,False
TradingBrain.VwapReversion,Range|HighVolatility,-Infinity,6,66.66666667,7.88273616,88.04166667,528.25,16.44,520.03,7.54208076,86.67166667,1056.5,1040.06,95,5.474,1.2,1.5,False,0.95,1.5,Atr,0.001,70,30,VwapEmaChandelier,3,5,1,1.05,1,0.1,1.2,1.1,1,3,0,3,60,1,0.75,2,2,93000,100000,2,0.3,0.05,False,1.1,0.007,30,70,1,2,35,65,1,0.1,0.5,2,0.1,1.5,2,False,1,False,0,10,False
TradingBrain.VwapReversion,Range|HighVolatility,-Infinity,10,90,7.53663793,75.825,758.25,27.4,744.55,7.34361421,74.455,1516.5,1489.1,149.5,4.98026756,1.2,1.5,False,0.95,1.5,Atr,0.001,70,30,VwapEmaChandelier,3,5,1,1.05,1,0.1,1.2,1.1,2.5,3,0,3,60,1,0.75,2,2,93000,100000,2,0.3,0.05,False,1.1,0.004,25,75,1,2,35,65,1,0.1,0.5,2,0.1,1.5,2,False,1,False,0,10,False
TradingBrain.VwapReversion,Range|HighVolatility,-Infinity,16,81.25,7.41597796,72.78125,1164.5,43.84,1142.58,7.15581057,71.41125,2329,2285.16,110,10.38709091,1.2,1.5,False,0.95,1.5,Atr,0.001,70,30,VwapEmaChandelier,3,5,1,1.05,1,0.1,1.2,1.1,2,3,0,3,60,1,0.75,2,2,93000,100000,2,0.3,0.05,False,1.1,0.005,30,70,1,2,35,65,1,0.1,0.5,2,0.1,1.5,2,False,1,False,0,10,False
TradingBrain.VwapReversion,Range|HighVolatility,-Infinity,8,87.5,7.17456897,89.53125,716.25,21.92,705.29,7.00911647,88.16125,1432.5,1410.58,141.75,4.97559083,1.2,1.5,False,0.95,1.5,Atr,0.001,70,30,VwapEmaChandelier,3,5,1,1.05,1,0.1,1.2,1.1,2.5,3,0,3,60,1,0.75,2,2,93000,100000,2,0.3,0.05,False,1.1,0.005,25,75,1,2,35,65,1,0.1,0.5,2,0.1,1.5,2,False,1,False,0,10,False
TradingBrain.VwapReversion,Range|HighVolatility,-Infinity,5,80,6.85329341,97.75,488.75,13.7,481.9,6.67809591,96.38,977.5,963.8,126,3.82460317,1.2,1.5,False,0.95,1.5,Atr,0.001,70,30,VwapEmaChandelier,3,5,1,1.05,1,0.1,1.2,1.1,1.5,3,0,3,60,1,0.75,2,2,93000,100000,2,0.3,0.05,False,1.1,0.007,30,70,1,2,35,65,1,0.1,0.5,2,0.1,1.5,2,False,1,False,0,10,False
TradingBrain.VwapReversion,Range|HighVolatility,-Infinity,16,81.25,6.84255843,74.21875,1187.5,43.84,1165.58,6.62104552,72.84875,2375,2331.16,116,10.04810345,1.2,1.5,False,0.95,1.5,Atr,0.001,70,30,VwapEmaChandelier,3,5,1,1.05,1,0.1,1.2,1.1,2.5,3,0,3,60,1,0.75,2,2,93000,100000,2,0.3,0.05,False,1.1,0.005,30,70,1,2,35,65,1,0.1,0.5,2,0.1,1.5,2,False,1,False,0,10,False
TradingBrain.VwapReversion,Range|HighVolatility,-Infinity,5,80,5.9729064,100.95,504.75,13.7,497.9,5.84008943,99.58,1009.5,995.8,110,4.52636364,1.2,1.5,False,0.95,1.5,Atr,0.001,70,30,VwapEmaChandelier,3,5,1,1.05,1,0.1,1.2,1.1,2,3,0,3,60,1,0.75,2,2,93000,100000,2,0.3,0.05,False,1.1,0.007,30,70,1,2,35,65,1,0.1,0.5,2,0.1,1.5,2,False,1,False,0,10,False
TradingBrain.VwapReversion,Range|HighVolatility,-Infinity,19,73.68421053,5.66981132,58.61842105,1113.75,52.06,1087.72,5.43334013,57.24842105,2227.5,2175.44,207.5,5.2420241,1.2,1.5,False,0.95,1.5,Atr,0.001,70,30,VwapEmaChandelier,3,5,1,1.05,1,0.1,1.2,1.1,1.5,3,0,3,60,1,0.75,2,2,93000,100000,2,0.3,0.05,False,1.1,0.005,40,60,1,2,35,65,1,0.1,0.5,2,0.1,1.5,2,False,1,False,0,10,False
TradingBrain.VwapReversion,Range|HighVolatility,-Infinity,10,80,5.59589041,67.1,671,27.4,657.3,5.41912061,65.73,1342,1314.6,188.5,3.48700265,1.2,1.5,False,0.95,1.5,Atr,0.001,70,30,VwapEmaChandelier,3,5,1,1.05,1,0.1,1.2,1.1,1.5,3,0,3,60,1,0.75,2,2,93000,100000,2,0.3,0.05,False,1.1,0.004,25,75,1,2,35,65,1,0.1,0.5,2,0.1,1.5,2,False,1,False,0,10,False
TradingBrain.VwapReversion,Range|HighVolatility,-Infinity,5,80,5.29956897,99.75,498.75,13.7,491.9,5.19101985,98.38,997.5,983.8,116,4.24051724,1.2,1.5,False,0.95,1.5,Atr,0.001,70,30,VwapEmaChandelier,3,5,1,1.05,1,0.1,1.2,1.1,2.5,3,0,3,60,1,0.75,2,2,93000,100000,2,0.3,0.05,False,1.1,0.007,30,70,1,2,35,65,1,0.1,0.5,2,0.1,1.5,2,False,1,False,0,10,False
TradingBrain.VwapReversion,Range|HighVolatility,-Infinity,18,77.77777778,5.38208033,59.09722222,1063.75,49.32,1039.09,5.18599686,57.72722222,2127.5,2078.18,266.75,3.8953702,1.2,1.5,False,0.95,1.5,Atr,0.001,70,30,VwapEmaChandelier,3,5,1,1.05,1,0.1,1.2,1.1,3,3,0,3,60,1,0.75,2,2,93000,100000,2,0.3,0.05,False,1.1,0.005,40,60,1,2,35,65,1,0.1,0.5,2,0.1,1.5,2,False,1,False,0,10,False
TradingBrain.VwapReversion,Range|HighVolatility,-Infinity,10,80,5.18902439,68.7,687,27.4,673.3,5.03802327,67.33,1374,1346.6,172.5,3.90318841,1.2,1.5,False,0.95,1.5,Atr,0.001,70,30,VwapEmaChandelier,3,5,1,1.05,1,0.1,1.2,1.1,2,3,0,3,60,1,0.75,2,2,93000,100000,2,0.3,0.05,False,1.1,0.004,25,75,1,2,35,65,1,0.1,0.5,2,0.1,1.5,2,False,1,False,0,10,False
TradingBrain.VwapReversion,Range|HighVolatility,-Infinity,19,73.68421053,4.95531725,58.23684211,1106.5,52.06,1080.47,4.76995813,56.86684211,2213,2160.94,210.5,5.13287411,1.2,1.5,False,0.95,1.5,Atr,0.001,70,30,VwapEmaChandelier,3,5,1,1.05,1,0.1,1.2,1.1,2,3,0,3,60,1,0.75,2,2,93000,100000,2,0.3,0.05,False,1.1,0.005,40,60,1,2,35,65,1,0.1,0.5,2,0.1,1.5,2,False,1,False,0,10,False
TradingBrain.VwapReversion,Range|HighVolatility,-Infinity,17,76.47058824,4.87947269,60.58823529,1030,46.58,1006.71,4.71507122,59.21823529,2060,2013.42,283.75,3.54787665,1.2,1.5,False,0.95,1.5,Atr,0.001,70,30,VwapEmaChandelier,3,5,1,1.05,1,0.1,1.2,1.1,4,3,0,3,60,1,0.75,2,2,93000,100000,2,0.3,0.05,False,1.1,0.005,40,60,1,2,35,65,1,0.1,0.5,2,0.1,1.5,2,False,1,False,0,10,False
TradingBrain.VwapReversion,Range|HighVolatility,-Infinity,10,70,4.562986,57.275,572.75,27.4,559.05,4.39105908,55.905,1145.5,1118.1,157.5,3.54952381,1.2,1.5,False,0.95,1.5,Atr,0.001,70,30,VwapEmaChandelier,3,5,1,1.05,1,0.1,1.2,1.1,1,3,0,3,60,1,0.75,2,2,93000,100000,2,0.3,0.05,False,1.1,0.004,25,75,1,2,35,65,1,0.1,0.5,2,0.1,1.5,2,False,1,False,0,10,False
TradingBrain.VwapReversion,Range|HighVolatility,-Infinity,19,84.21052632,4.45911414,53.43421053,1015.25,52.06,989.22,4.32388025,52.06421053,2030.5,1978.44,187.25,5.28288385,1.2,1.5,False,0.95,1.5,Atr,0.001,70,30,VwapEmaChandelier,3,5,1,1.05,1,0.1,1.2,1.1,4,3,0,3,60,1,0.75,2,2,93000,100000,2,0.3,0.05,False,1.1,0.004,30,70,1,2,35,65,1,0.1,0.5,2,0.1,1.5,2,False,1,False,0,10,False
TradingBrain.VwapReversion,Range|HighVolatility,-Infinity,19,73.68421053,4.42691415,58.30263158,1107.75,52.06,1081.72,4.27694638,56.93263158,2215.5,2163.44,232.25,4.65756728,1.2,1.5,False,0.95,1.5,Atr,0.001,70,30,VwapEmaChandelier,3,5,1,1.05,1,0.1,1.2,1.1,2.5,3,0,3,60,1,0.75,2,2,93000,100000,2,0.3,0.05,False,1.1,0.005,40,60,1,2,35,65,1,0.1,0.5,2,0.1,1.5,2,False,1,False,0,10,False
TradingBrain.VwapReversion,Range|HighVolatility,-Infinity,12,75,4.42788462,44.5625,534.75,32.88,518.31,4.23721192,43.1925,1069.5,1036.62,279,1.85774194,1.2,1.5,False,0.95,1.5,Atr,0.001,70,30,VwapEmaChandelier,3,5,1,1.05,1,0.1,1.2,1.1,4,3,0,3,60,1,0.75,2,2,93000,100000,2,0.3,0.05,False,1.1,0.002,25,75,1,2,35,65,1,0.1,0.5,2,0.1,1.5,2,False,1,False,0,10,False
TradingBrain.VwapReversion,Range|HighVolatility,-Infinity,12,75,4.42788462,44.5625,534.75,32.88,518.31,4.23721192,43.1925,1069.5,1036.62,279,1.85774194,1.2,1.5,False,0.95,1.5,Atr,0.001,70,30,VwapEmaChandelier,3,5,1,1.05,1,0.1,1.2,1.1,3,3,0,3,60,1,0.75,2,2,93000,100000,2,0.3,0.05,False,1.1,0.002,25,75,1,2,35,65,1,0.1,0.5,2,0.1,1.5,2,False,1,False,0,10,False
TradingBrain.VwapReversion,Range|HighVolatility,-Infinity,13,76.92307692,4.20940649,55.11538462,716.5,35.62,698.69,4.07305595,53.74538462,1433,1397.38,149.5,4.67351171,1.2,1.5,False,0.95,1.5,Atr,0.001,70,30,VwapEmaChandelier,3,5,1,1.05,1,0.1,1.2,1.1,2.5,3,0,3,60,1,0.75,2,2,93000,100000,2,0.3,0.05,False,1.1,0.003,25,75,1,2,35,65,1,0.1,0.5,2,0.1,1.5,2,False,1,False,0,10,False
TradingBrain.VwapReversion,Range|HighVolatility,-Infinity,7,71.42857143,3.99306759,61.67857143,431.75,19.18,422.16,3.87203211,60.30857143,863.5,844.32,183,2.30688525,1.2,1.5,False,0.95,1.5,Atr,0.001,70,30,VwapEmaChandelier,3,5,1,1.05,1,0.1,1.2,1.1,1.5,3,0,3,60,1,0.75,2,2,93000,100000,2,0.3,0.05,False,1.1,0.007,40,60,1,2,35,65,1,0.1,0.5,2,0.1,1.5,2,False,1,False,0,10,False
TradingBrain.VwapReversion,Range|HighVolatility,-Infinity,6,66.66666667,3.92811502,76.375,458.25,16.44,450.03,3.82611153,75.005,916.5,900.06,156.5,2.87559105,1.2,1.5,False,0.95,1.5,Atr,0.001,70,30,VwapEmaChandelier,3,5,1,1.05,1,0.1,1.2,1.1,2.5,3,0,3,60,1,0.75,2,2,93000,100000,2,0.3,0.05,False,1.1,0.007,40,60,1,2,35,65,1,0.1,0.5,2,0.1,1.5,2,False,1,False,0,10,False
TradingBrain.VwapReversion,Range|HighVolatility,-Infinity,15,73.33333333,3.61361546,47.35,710.25,41.1,689.7,3.48782599,45.98,1420.5,1379.4,135.75,5.08066298,1.2,1.5,False,0.95,1.5,Atr,0.001,70,30,VwapEmaChandelier,3,5,1,1.05,1,0.1,1.2,1.1,2,3,0,3,60,1,0.75,2,2,93000,100000,2,0.3,0.05,False,1.1,0.002,25,75,1,2,35,65,1,0.1,0.5,2,0.1,1.5,2,False,1,False,0,10,False
TradingBrain.VwapReversion,Range|HighVolatility,-Infinity,2,50,3.51388889,67.875,135.75,5.48,133.01,3.40220336,66.505,271.5,266.02,95,1.40010526,1.2,1.5,False,0.95,1.5,Atr,0.001,70,30,VwapEmaChandelier,3,5,1,1.05,1,0.1,1.2,1.1,1,3,0,3,60,1,0.75,2,2,93000,100000,2,0.3,0.05,False,1.1,0.007,25,75,1,2,35,65,1,0.1,0.5,2,0.1,1.5,2,False,1,False,0,10,False
TradingBrain.VwapReversion,Range|HighVolatility,-Infinity,8,50,3.50724638,54.0625,432.5,21.92,421.54,3.36846837,52.6925,865,843.08,190.75,2.20990826,1.2,1.5,False,0.95,1.5,Atr,0.001,70,30,VwapEmaChandelier,3,5,1,1.05,1,0.1,1.2,1.1,1,3,0,3,60,1,0.75,2,2,93000,100000,2,0.3,0.05,False,1.1,0.007,40,60,1,2,35,65,1,0.1,0.5,2,0.1,1.5,2,False,1,False,0,10,False
TradingBrain.VwapReversion,Range|HighVolatility,-Infinity,13,69.23076923,3.48469891,48.40384615,629.25,35.62,611.44,3.36323581,47.03384615,1258.5,1222.88,188.5,3.24371353,1.2,1.5,False,0.95,1.5,Atr,0.001,70,30,VwapEmaChandelier,3,5,1,1.05,1,0.1,1.2,1.1,1.5,3,0,3,60,1,0.75,2,2,93000,100000,2,0.3,0.05,False,1.1,0.003,25,75,1,2,35,65,1,0.1,0.5,2,0.1,1.5,2,False,1,False,0,10,False
TradingBrain.VwapReversion,Range|HighVolatility,-Infinity,7,71.42857143,3.44146685,61.82142857,432.75,19.18,423.16,3.3510195,60.45142857,865.5,846.32,182,2.32505495,1.2,1.5,False,0.95,1.5,Atr,0.001,70,30,VwapEmaChandelier,3,5,1,1.05,1,0.1,1.2,1.1,2,3,0,3,60,1,0.75,2,2,93000,100000,2,0.3,0.05,False,1.1,0.007,40,60,1,2,35,65,1,0.1,0.5,2,0.1,1.5,2,False,1,False,0,10,False
TradingBrain.VwapReversion,Range|HighVolatility,-Infinity,13,69.23076923,3.37880184,49.63461538,645.25,35.62,627.44,3.26733639,48.26461538,1290.5,1254.88,172.5,3.63733333,1.2,1.5,False,0.95,1.5,Atr,0.001,70,30,VwapEmaChandelier,3,5,1,1.05,1,0.1,1.2,1.1,2,3,0,3,60,1,0.75,2,2,93000,100000,2,0.3,0.05,False,1.1,0.003,25,75,1,2,35,65,1,0.1,0.5,2,0.1,1.5,2,False,1,False,0,10,False
TradingBrain.VwapReversion,Range|HighVolatility,-Infinity,13,61.53846154,2.98134328,40.84615385,531,35.62,513.19,2.86716391,39.47615385,1062,1026.38,157.5,3.25834921,1.2,1.5,False,0.95,1.5,Atr,0.001,70,30,VwapEmaChandelier,3,5,1,1.05,1,0.1,1.2,1.1,1,3,0,3,60,1,0.75,2,2,93000,100000,2,0.3,0.05,False,1.1,0.003,25,75,1,2,35,65,1,0.1,0.5,2,0.1,1.5,2,False,1,False,0,10,False
TradingBrain.VwapReversion,Range|HighVolatility,-Infinity,16,62.5,2.65897245,34.8125,557,43.84,535.08,2.55560078,33.4425,1114,1070.16,260.75,2.05208054,1.2,1.5,False,0.95,1.5,Atr,0.001,70,30,VwapEmaChandelier,3,5,1,1.05,1,0.1,1.2,1.1,1.5,3,0,3,60,1,0.75,2,2,93000,100000,2,0.3,0.05,False,1.1,0.002,25,75,1,2,35,65,1,0.1,0.5,2,0.1,1.5,2,False,1,False,0,10,False
TradingBrain.VwapReversion,Range|HighVolatility,-Infinity,14,71.42857143,2.59641577,39.76785714,556.75,38.36,537.57,2.51757333,38.39785714,1113.5,1075.14,270.5,1.98731978,1.2,1.5,False,0.95,1.5,Atr,0.001,70,30,VwapEmaChandelier,3,5,1,1.05,1,0.1,1.2,1.1,2.5,3,0,3,60,1,0.75,2,2,93000,100000,2,0.3,0.05,False,1.1,0.002,25,75,1,2,35,65,1,0.1,0.5,2,0.1,1.5,2,False,1,False,0,10,False
TradingBrain.VwapReversion,Range|HighVolatility,-Infinity,16,56.25,2.4247191,29.71875,475.5,43.84,453.58,2.32108114,28.34875,951,907.16,213,2.12948357,1.2,1.5,False,0.95,1.5,Atr,0.001,70,30,VwapEmaChandelier,3,5,1,1.05,1,0.1,1.2,1.1,1,3,0,3,60,1,0.75,2,2,93000,100000,2,0.3,0.05,False,1.1,0.002,25,75,1,2,35,65,1,0.1,0.5,2,0.1,1.5,2,False,1,False,0,10,False
TradingBrain.VwapReversion,Range|HighVolatility,-Infinity,2,50,2.25449102,52.375,104.75,5.48,102.01,2.20195593,51.005,209.5,204.02,126,0.80960317,1.2,1.5,False,0.95,1.5,Atr,0.001,70,30,VwapEmaChandelier,3,5,1,1.05,1,0.1,1.2,1.1,1.5,3,0,3,60,1,0.75,2,2,93000,100000,2,0.3,0.05,False,1.1,0.007,25,75,1,2,35,65,1,0.1,0.5,2,0.1,1.5,2,False,1,False,0,10,False
TradingBrain.VwapReversion,Range|HighVolatility,-Infinity,2,50,2.18965517,60.375,120.75,5.48,118.01,2.14717605,59.005,241.5,236.02,110,1.07281818,1.2,1.5,False,0.95,1.5,Atr,0.001,70,30,VwapEmaChandelier,3,5,1,1.05,1,0.1,1.2,1.1,2,3,0,3,60,1,0.75,2,2,93000,100000,2,0.3,0.05,False,1.1,0.007,25,75,1,2,35,65,1,0.1,0.5,2,0.1,1.5,2,False,1,False,0,10,False
TradingBrain.VwapReversion,Range|HighVolatility,-Infinity,2,50,1.98922414,57.375,114.75,5.48,112.01,1.95433245,56.005,229.5,224.02,116,0.96560345,1.2,1.5,False,0.95,1.5,Atr,0.001,70,30,VwapEmaChandelier,3,5,1,1.05,1,0.1,1.2,1.1,2.5,3,0,3,60,1,0.75,2,2,93000,100000,2,0.3,0.05,False,1.1,0.007,25,75,1,2,35,65,1,0.1,0.5,2,0.1,1.5,2,False,1,False,0,10,False
